<?xml version="1.0" encoding="UTF-8"?>
<NFe xmlns="http://www.portalfiscal.inf.br/nfe">
  <infNFe Id="NFe43190394516671000153550020004596071023377876" versao="4.00">
    <ide>
      <cUF>43</cUF>
      <cNF>10233778</cNF>
      <natOp>Venda de Mercadoria</natOp>
      <mod>55</mod>
      <serie>2</serie>
      <nNF>459607</nNF>
      <dhEmi>2020-03-17T10:30:00-03:00</dhEmi>
      <tpNF>1</tpNF>
      <idDest>1</idDest>
      <cMunFG>4314902</cMunFG>
      <tpImp>1</tpImp>
      <tpEmis>1</tpEmis>
      <cDV>6</cDV>
      <tpAmb>1</tpAmb>
      <finNFe>1</finNFe>
      <indFinal>0</indFinal>
      <indPres>0</indPres>
      <procEmi>0</procEmi>
      <verProc>4.00</verProc>
    </ide>
    <emit>
      <CNPJ>94516671000153</CNPJ>
      <xNome>EMPRESA FORNECEDORA LTDA</xNome>
      <xFant>FORNECEDORA</xFant>
      <enderEmit>
        <xLgr>Av Principal</xLgr>
        <nro>1000</nro>
        <xBairro>Centro</xBairro>
        <cMun>4314902</cMun>
        <xMun>PORTO ALEGRE</xMun>
        <UF>RS</UF>
        <CEP>90000000</CEP>
        <cPais>1058</cPais>
        <xPais>BRASIL</xPais>
        <fone>5133333333</fone>
      </enderEmit>
      <IE>0987654321</IE>
      <CRT>3</CRT>
    </emit>
    <dest>
      <CNPJ>99999999999999</CNPJ>
      <xNome>EMPRESA CLIENTE WMS LTDA</xNome>
      <enderDest>
        <xLgr>Rua Secundária</xLgr>
        <nro>500</nro>
        <xBairro>Distrito Industrial</xBairro>
        <cMun>4314902</cMun>
        <xMun>PORTO ALEGRE</xMun>
        <UF>RS</UF>
        <CEP>90000000</CEP>
        <cPais>1058</cPais>
        <xPais>BRASIL</xPais>
        <fone>5122222222</fone>
      </enderDest>
      <indIEDest>1</indIEDest>
      <IE>1234567890</IE>
    </dest>
    <det nItem="1">
      <prod>
        <cProd>5100</cProd>
        <cEAN>7898919447428</cEAN>
        <xProd>PRODUTO TESTE 1</xProd>
        <NCM>12345678</NCM>
        <CFOP>5102</CFOP>
        <uCom>UN</uCom>
        <qCom>100</qCom>
        <vUnCom>1.00</vUnCom>
        <vProd>100.00</vProd>
        <cEANTrib>7898919447428</cEANTrib>
        <uTrib>UN</uTrib>
        <qTrib>100</qTrib>
        <vUnTrib>1.00</vUnTrib>
        <indTot>1</indTot>
      </prod>
      <imposto>
        <ICMS>
          <ICMS00>
            <orig>0</orig>
            <CST>00</CST>
            <modBC>0</modBC>
            <vBC>100.00</vBC>
            <pICMS>18.00</pICMS>
            <vICMS>18.00</vICMS>
          </ICMS00>
        </ICMS>
        <PIS>
          <PISAliq>
            <CST>01</CST>
            <vBC>100.00</vBC>
            <pPIS>1.65</pPIS>
            <vPIS>1.65</vPIS>
          </PISAliq>
        </PIS>
        <COFINS>
          <COFINSAliq>
            <CST>01</CST>
            <vBC>100.00</vBC>
            <pCOFINS>7.60</pCOFINS>
            <vCOFINS>7.60</vCOFINS>
          </COFINSAliq>
        </COFINS>
      </imposto>
    </det>
    <det nItem="2">
      <prod>
        <cProd>5101</cProd>
        <cEAN>7898919447429</cEAN>
        <xProd>PRODUTO TESTE 2</xProd>
        <NCM>87654321</NCM>
        <CFOP>5102</CFOP>
        <uCom>CX</uCom>
        <qCom>100</qCom>
        <vUnCom>1.50</vUnCom>
        <vProd>150.00</vProd>
        <cEANTrib>7898919447429</cEANTrib>
        <uTrib>CX</uTrib>
        <qTrib>100</qTrib>
        <vUnTrib>1.50</vUnTrib>
        <indTot>1</indTot>
      </prod>
      <imposto>
        <ICMS>
          <ICMS00>
            <orig>0</orig>
            <CST>00</CST>
            <modBC>0</modBC>
            <vBC>150.00</vBC>
            <pICMS>18.00</pICMS>
            <vICMS>27.00</vICMS>
          </ICMS00>
        </ICMS>
        <PIS>
          <PISAliq>
            <CST>01</CST>
            <vBC>150.00</vBC>
            <pPIS>1.65</pPIS>
            <vPIS>2.48</vPIS>
          </PISAliq>
        </PIS>
        <COFINS>
          <COFINSAliq>
            <CST>01</CST>
            <vBC>150.00</vBC>
            <pCOFINS>7.60</pCOFINS>
            <vCOFINS>11.40</vCOFINS>
          </COFINSAliq>
        </COFINS>
      </imposto>
    </det>
    <total>
      <ICMSTot>
        <vBC>250.00</vBC>
        <vICMS>45.00</vICMS>
        <vICMSDeson>0.00</vICMSDeson>
        <vFCP>0.00</vFCP>
        <vBCST>0.00</vBCST>
        <vST>0.00</vST>
        <vFCPST>0.00</vFCPST>
        <vFCPSTRet>0.00</vFCPSTRet>
        <vProd>250.00</vProd>
        <vFrete>0.00</vFrete>
        <vSeg>0.00</vSeg>
        <vDesc>0.00</vDesc>
        <vII>0.00</vII>
        <vIPI>0.00</vIPI>
        <vIPIDevol>0.00</vIPIDevol>
        <vPIS>4.13</vPIS>
        <vCOFINS>19.00</vCOFINS>
        <vOutro>0.00</vOutro>
        <vNF>250.00</vNF>
      </ICMSTot>
    </total>
    <transp>
      <modFrete>0</modFrete>
      <transporta>
        <CNPJ>12345678901234</CNPJ>
        <xNome>TRANSPORTADORA TESTE</xNome>
        <IE>1234567890</IE>
        <xEnder>Rua da Transportadora, 100</xEnder>
        <xMun>PORTO ALEGRE</xMun>
        <UF>RS</UF>
      </transporta>
      <vol>
        <qVol>10</qVol>
        <esp>CAIXA</esp>
        <pesoL>100.000</pesoL>
        <pesoB>110.000</pesoB>
      </vol>
    </transp>
    <pag>
      <detPag>
        <tPag>01</tPag>
        <vPag>250.00</vPag>
      </detPag>
    </pag>
  </infNFe>
</NFe>
